0,220054000c504e5354303420,1691653898,51.922459,4.480721,2.29,4.00,6.99,299,41,7,4,1,0,1,1,0,0,0,0,0,0,0,0,0,0,0,0,0,0,0,0,474,17,634,26.05,43.68,1,21.0,54.7,na,na,284,278,344,274,27
0,220054000c504e5354303420,1691653903,51.922462,4.480687,2.12,5.30,7.31,278,25,6,2,4,3,2,0,0,0,0,0,0,0,0,0,0,0,0,0,0,0,0,0,469,24,634,26.05,43.61,1,21.0,54.7,na,na,286,278,347,276,20
1,220054000c504e5354303420,1691653906,51.922462,4.480662,87,19.1,3.98,3.90,337,0,0,0,21.2,59.0,3.43,1.0,100.0
0,220054000c504e5354303420,1691653908,51.922462,4.480649,2.51,4.06,4.24,295,39,12,2,7,0,0,0,0,0,0,0,0,0,0,0,0,0,0,0,0,0,0,0,477,15,634,26.05,43.59,1,21.0,54.7,na,na,285,278,345,274,21
0,220054000c504e5354303420,1691653913,51.922462,4.480622,1.99,4.45,9.24,254,29,8,1,4,1,0,2,0,0,0,0,0,0,0,0,0,0,0,0,0,0,0,0,470,18,634,26.08,43.58,1,21.0,54.7,na,na,285,278,347,274,22
0,220054000c504e5354303420,1691653918,51.922470,4.480606,2.21,5.24,17.45,288,30,4,2,4,5,0,0,0,1,0,0,0,0,0,0,0,0,0,0,0,0,0,0,466,22,634,26.07,43.54,1,21.0,54.8,na,na,284,278,349,275,24
0,220054000c504e5354303420,1691653923,51.922478,4.480614,2.19,3.99,7.12,275,31,8,4,1,0,1,1,0,0,0,0,0,0,0,0,0,0,0,0,0,0,0,0,452,14,633,26.08,43.66,1,21.0,54.9,na,na,285,278,348,277,18
0,220054000c504e5354303420,1691653928,51.922470,4.480648,2.15,3.28,3.51,263,27,10,3,2,1,0,0,0,0,0,0,0,0,0,0,0,0,0,0,0,0,0,0,453,15,634,26.07,43.80,1,21.0,55.0,na,na,285,278,346,276,18
0,220054000c504e5354303420,1691653933,51.922466,4.480679,2.10,3.25,3.49,236,46,9,1,3,1,0,0,0,0,0,0,0,0,0,0,0,0,0,0,0,0,0,0,469,14,634,26.08,43.97,1,21.0,55.1,na,na,286,278,346,275,20
1,220054000c504e5354303420,1691653935,51.922462,4.480691,87,19.1,3.98,3.90,338,0,0,0,21.2,59.0,3.42,1.0,100.0
0,220054000c504e5354303420,1691653938,51.922462,4.480707,2.14,3.83,6.48,293,40,4,1,1,2,0,1,0,0,0,0,0,0,0,0,0,0,0,0,0,0,0,0,464,23,634,26.08,44.01,1,21.0,55.0,na,na,284,278,346,275,21
0,220054000c504e5354303420,1691653943,51.922455,4.480723,2.51,5.33,7.10,311,35,9,1,6,1,2,0,0,0,0,0,0,0,0,0,0,0,0,0,0,0,0,0,461,16,633,26.08,43.93,1,21.0,54.9,na,na,285,278,350,276,16
0,220054000c504e5354303420,1691653948,51.922451,4.480737,2.21,4.29,5.93,311,30,6,2,2,1,2,0,0,0,0,0,0,0,0,0,0,0,0,0,0,0,0,0,470,16,634,26.05,43.73,1,21.0,54.8,na,na,285,278,346,276,19
0,220054000c504e5354303420,1691653953,51.922447,4.480747,2.04,5.70,12.59,301,19,7,2,1,1,3,2,0,0,0,0,0,0,0,0,0,0,0,0,0,0,0,0,467,20,634,26.07,43.67,1,21.0,54.8,na,na,285,278,347,277,16
0,220054000c504e5354303420,1691653958,51.922436,4.480774,2.40,4.21,7.30,301,45,8,2,2,0,1,1,0,0,0,0,0,0,0,0,0,0,0,0,0,0,0,0,462,24,634,26.07,43.67,1,21.0,54.8,na,na,283,278,346,277,22
0,220054000c504e5354303420,1691653963,51.922436,4.480795,2.63,5.75,8.93,329,37,9,4,1,5,0,1,0,0,0,0,0,0,0,0,0,0,0,0,0,0,0,0,460,18,634,26.08,43.72,1,21.0,54.8,na,na,285,278,345,273,23
1,220054000c504e5354303420,1691653965,51.922432,4.480799,87,19.1,3.98,3.90,338,0,0,0,21.2,59.1,3.43,1.5,100.0
0,220054000c504e5354303420,1691653968,51.922432,4.480804,2.63,5.44,28.94,305,46,10,1,6,1,0,0,2,1,0,0,0,0,0,0,0,0,0,0,0,0,0,0,459,16,633,26.08,43.70,1,21.0,54.8,na,na,284,278,348,279,25
0,220054000c504e5354303420,1691653973,51.922421,4.480801,2.37,4.02,16.31,308,33,9,2,3,0,1,0,0,1,0,0,0,0,0,0,0,0,0,0,0,0,0,0,458,21,634,26.08,43.72,1,21.0,54.8,na,na,285,278,348,276,18
0,220054000c504e5354303420,1691653978,51.922409,4.480792,2.29,4.20,7.52,276,41,9,2,0,1,1,1,0,0,0,0,0,0,0,0,0,0,0,0,0,0,0,0,445,12,634,26.08,43.71,1,21.0,54.8,na,na,284,278,346,275,19
0,220054000c504e5354303420,1691653983,51.922405,4.480793,2.45,4.33,4.78,318,35,2,4,4,2,0,0,0,0,0,0,0,0,0,0,0,0,0,0,0,0,0,0,449,19,633,26.07,43.74,1,21.0,54.8,na,na,285,278,346,273,23
0,220054000c504e5354303420,1691653988,51.922401,4.480797,2.63,4.96,26.05,288,47,7,1,5,1,1,0,0,0,1,0,0,0,0,0,0,0,0,0,0,0,0,0,426,22,634,26.08,43.70,1,21.0,54.8,na,na,285,278,348,274,18
0,220054000c504e5354303420,1691653993,51.922398,4.480799,2.92,4.60,4.78,328,41,9,5,6,0,0,0,0,0,0,0,0,0,0,0,0,0,0,0,0,0,0,0,438,20,634,26.10,43.74,1,21.0,54.8,na,na,285,278,348,276,23
1,220054000c504e5354303420,1691653995,51.922394,4.480800,87,19.1,3.98,3.90,338,0,0,0,21.2,59.1,3.42,0.5,100.0
0,220054000c504e5354303420,1691653998,51.922390,4.480798,2.64,5.30,13.45,294,37,15,1,1,1,2,0,1,0,0,0,0,0,0,0,0,0,0,0,0,0,0,0,423,16,634,26.08,43.73,1,21.0,54.8,na,na,284,278,347,277,22
0,220054000c504e5354303420,1691654003,51.922382,4.480787,2.46,5.54,15.34,303,37,5,4,1,2,1,1,1,0,0,0,0,0,0,0,0,0,0,0,0,0,0,0,435,18,634,26.08,43.74,1,21.0,54.8,na,na,285,278,348,279,20
0,220054000c504e5354303420,1691654008,51.922363,4.480770,2.36,4.24,5.37,278,31,14,1,1,2,1,0,0,0,0,0,0,0,0,0,0,0,0,0,0,0,0,0,442,19,634,26.08,43.73,1,21.0,54.8,na,na,285,278,346,275,17
0,220054000c504e5354303420,1691654013,51.922356,4.480772,2.51,5.57,18.06,316,39,8,4,3,2,1,0,2,0,0,0,0,0,0,0,0,0,0,0,0,0,0,0,473,16,634,26.10,43.73,1,21.0,54.8,na,na,286,278,346,275,17
0,220054000c504e5354303420,1691654018,51.922352,4.480774,2.17,4.69,24.73,284,33,8,1,2,2,2,0,0,0,1,0,0,0,0,0,0,0,0,0,0,0,0,0,467,20,634,26.08,43.74,1,21.0,54.7,na,na,285,278,346,275,20
0,220054000c504e5354303420,1691654023,51.922352,4.480780,1.92,4.70,134.96,227,31,5,3,4,1,1,1,0,1,0,0,1,0,2,0,1,0,1,0,0,0,0,0,463,20,634,26.10,43.77,1,21.0,54.6,na,na,285,278,345,274,22
1,220054000c504e5354303420,1691654026,51.922348,4.480784,87,19.1,3.98,3.89,338,0,0,0,21.2,59.1,4.29,2.9,100.0
0,220054000c504e5354303420,1691654028,51.922348,4.480785,2.09,4.30,69.78,269,30,6,3,2,0,1,1,0,1,1,0,0,1,0,0,0,0,0,0,0,0,0,0,451,16,634,26.08,43.75,1,21.0,54.9,na,na,285,278,348,276,20
0,220054000c504e5354303420,1691654033,51.922344,4.480790,2.33,5.49,25.40,269,26,11,3,2,6,0,0,0,0,1,0,0,0,0,0,0,0,0,0,0,0,0,0,452,17,634,26.10,43.76,1,21.0,54.9,na,na,285,278,351,275,19
0,220054000c504e5354303420,1691654038,51.922340,4.480783,2.18,5.76,11.63,269,24,9,2,4,2,1,2,0,0,0,0,0,0,0,0,0,0,0,0,0,0,0,0,454,26,634,26.10,43.81,1,21.0,54.9,na,na,284,278,348,277,19
0,220054000c504e5354303420,1691654043,51.922344,4.480781,2.17,3.68,18.29,256,31,8,4,1,0,0,1,0,1,0,0,0,0,0,0,0,0,0,0,0,0,0,0,434,8,634,26.12,43.83,1,21.0,54.9,na,na,286,278,351,277,18
0,220054000c504e5354303420,1691654048,51.922352,4.480789,2.48,6.51,12.16,289,36,6,2,5,4,0,2,0,0,0,0,0,0,0,0,0,0,0,0,0,0,0,0,442,20,634,26.12,43.86,1,21.0,55.0,na,na,285,278,346,273,20
0,220054000c504e5354303420,1691654053,51.922359,4.480793,2.28,3.75,4.56,307,36,7,1,4,0,1,0,0,0,0,0,0,0,0,0,0,0,0,0,0,0,0,0,471,19,634,26.11,43.86,1,21.0,55.0,na,na,288,278,348,277,17
1,220054000c504e5354303420,1691654054,51.922363,4.480793,87,19.1,3.98,3.90,328,0,1,0,21.2,59.1,4.65,22.9,100.0
0,220054000c504e5354303420,1691654058,51.922367,4.480803,2.38,5.56,7.13,281,46,8,2,3,5,1,0,0,0,0,0,0,0,0,0,0,0,0,0,0,0,0,0,479,16,634,26.12,43.90,1,21.0,55.0,na,na,284,278,353,279,21
0,220054000c504e5354303420,1691654063,51.922371,4.480808,2.28,5.45,7.62,290,38,7,0,2,4,2,0,0,0,0,0,0,0,0,0,0,0,0,0,0,0,0,0,458,14,634,26.12,43.90,1,21.0,55.0,na,na,286,278,348,275,71
0,220054000c504e5354303420,1691654068,51.922356,4.480799,2.04,2.39,8.22,286,35,3,1,1,0,0,0,0,0,0,0,0,0,0,0,0,0,0,1,0,0,0,0,446,18,634,26.12,43.89,1,21.1,54.9,na,na,286,278,349,277,26
0,220054000c504e5354303420,1691654073,51.922329,4.480785,2.15,4.38,10.42,249,34,8,1,0,0,1,2,0,0,0,0,0,0,0,0,0,0,0,0,0,0,0,0,408,14,634,26.16,43.89,1,21.0,54.9,na,na,285,278,350,279,22
0,220054000c504e5354303420,1691654078,51.922306,4.480776,2.11,6.55,33.83,241,27,6,1,4,2,2,2,0,0,1,0,0,0,0,0,0,0,0,0,0,0,0,0,422,15,634,26.16,43.84,1,21.0,55.1,na,na,286,278,351,277,50
0,220054000c504e5354303420,1691654083,51.922272,4.480768,2.33,4.30,4.92,261,26,10,1,2,3,0,0,0,0,0,0,0,0,0,0,0,0,0,0,0,0,0,0,407,18,634,26.12,43.95,1,21.0,55.2,na,na,286,278,348,277,23
1,220054000c504e5354303420,1691654085,51.922253,4.480770,87,19.1,3.98,3.90,327,0,1,0,21.3,59.1,4.66,22.9,100.0
0,220054000c504e5354303420,1691654088,51.922230,4.480763,2.56,5.27,9.11,269,46,3,2,3,1,1,1,0,0,0,0,0,0,0,0,0,0,0,0,0,0,0,0,393,21,634,26.12,44.03,1,21.0,54.9,na,na,286,278,351,281,21
0,220054000c504e5354303420,1691654093,51.922180,4.480765,2.80,5.01,19.21,287,39,9,4,1,1,0,0,2,0,0,0,0,0,0,0,0,0,0,0,0,0,0,0,386,13,634,26.14,43.84,1,21.0,54.8,na,na,284,278,350,277,28
0,220054000c504e5354303420,1691654098,51.922134,4.480799,3.07,6.02,12.21,322,43,9,1,1,2,0,2,0,0,0,0,0,0,0,0,0,0,0,0,0,0,0,0,371,21,634,26.16,43.66,1,21.0,54.6,na,na,287,278,351,281,31
0,220054000c504e5354303420,1691654103,51.922092,4.480900,3.02,6.56,8.20,307,36,6,3,5,3,1,0,0,0,0,0,0,0,0,0,0,0,0,0,0,0,0,0,381,21,634,26.16,43.55,1,21.0,54.5,na,na,283,278,349,278,28
0,220054000c504e5354303420,1691654108,51.922073,4.481056,2.56,3.48,3.71,294,35,7,1,1,1,0,0,0,0,0,0,0,0,0,0,0,0,0,0,0,0,0,0,388,15,634,26.16,43.42,1,21.0,54.5,na,na,285,278,350,278,51
0,220054000c504e5354303420,1691654113,51.922035,4.481198,2.71,5.22,9.13,293,36,10,0,2,1,1,1,0,0,0,0,0,0,0,0,0,0,0,0,0,0,0,0,383,19,634,26.14,43.35,1,21.0,54.5,na,na,282,278,352,277,27
1,220054000c504e5354303420,1691654115,51.922035,4.481254,87,19.1,3.98,3.90,331,0,1,0,21.3,58.6,4.66,34.4,100.0
0,220054000c504e5354303420,1691654118,51.922035,4.481324,2.93,4.46,27.16,308,54,6,2,2,0,1,0,0,0,1,0,0,0,0,0,0,0,0,0,0,0,0,0,391,15,634,26.16,43.27,1,21.0,54.5,na,na,284,278,350,279,32
0,220054000c504e5354303420,1691654123,51.922043,4.481420,2.99,4.83,5.30,325,46,9,2,3,2,0,0,0,0,0,0,0,0,0,0,0,0,0,0,0,0,0,0,406,18,634,26.16,43.28,1,21.0,54.4,na,na,283,278,351,281,46
0,220054000c504e5354303420,1691654128,51.922050,4.481525,2.67,6.05,8.28,258,45,11,3,2,3,2,0,0,0,0,0,0,0,0,0,0,0,0,0,0,0,0,0,414,21,634,26.17,43.27,1,21.0,54.4,na,na,285,278,350,279,30
0,220054000c504e5354303420,1691654133,51.922077,4.481624,3.28,8.42,13.09,336,43,8,2,6,5,1,1,0,0,0,0,0,0,0,0,0,0,0,0,0,0,0,0,397,14,634,26.17,43.25,1,21.0,54.4,na,na,285,278,348,282,26
0,220054000c504e5354303420,1691654138,51.922081,4.481710,3.06,5.71,9.62,327,45,13,2,0,2,1,1,0,0,0,0,0,0,0,0,0,0,0,0,0,0,0,0,398,21,634,26.19,43.22,1,21.0,54.4,na,na,286,278,345,280,29
0,220054000c504e5354303420,1691654143,51.922081,4.481762,2.92,5.50,6.35,291,34,15,1,2,4,0,0,0,0,0,0,0,0,0,0,0,0,0,0,0,0,0,0,390,19,634,26.19,43.31,1,21.0,54.4,na,na,283,278,349,282,30
1,220054000c504e5354303420,1691654145,51.922081,4.481765,87,18.9,3.98,3.89,322,0,1,0,21.2,58.4,4.60,4.4,100.0
0,220054000c504e5354303420,1691654148,51.922081,4.481770,2.85,4.37,4.53,256,42,8,2,5,0,0,0,0,0,0,0,0,0,0,0,0,0,0,0,0,0,0,0,364,18,634,26.17,43.28,1,21.0,54.4,na,na,286,278,350,281,181
0,220054000c504e5354303420,1691654153,51.922070,4.481777,2.61,5.34,13.37,277,27,6,2,2,3,0,0,1,0,0,0,0,0,0,0,0,0,0,0,0,0,0,0,367,18,634,26.19,43.26,1,21.0,54.5,na,na,283,278,348,280,37
0,220054000c504e5354303420,1691654158,51.922058,4.481782,3.22,7.07,29.01,238,31,9,3,3,2,0,1,0,1,0,0,0,0,0,0,0,0,0,0,0,0,0,0,297,13,634,26.17,43.36,1,21.0,54.5,na,na,285,278,348,281,25
0,220054000c504e5354303420,1691654163,51.922054,4.481798,3.57,7.30,34.38,293,36,9,2,2,3,0,0,1,1,0,0,0,0,0,0,0,0,0,0,0,0,0,0,303,20,634,26.17,43.32,1,21.0,54.5,na,na,285,278,351,282,21
0,220054000c504e5354303420,1691654168,51.922043,4.481805,3.78,9.59,38.65,296,42,12,2,2,2,2,0,3,0,0,0,0,0,0,0,0,0,0,0,0,0,0,0,307,17,634,26.20,43.40,1,21.0,54.6,na,na,286,278,348,282,32
0,220054000c504e5354303420,1691654173,51.922043,4.481821,3.45,7.57,12.14,300,51,12,3,3,3,1,1,0,0,0,0,0,0,0,0,0,0,0,0,0,0,0,0,365,17,634,26.19,43.37,1,21.0,54.6,na,na,285,278,348,281,46
1,220054000c504e5354303420,1691654176,51.922054,4.481827,87,18.9,3.98,3.90,328,0,1,0,21.2,58.5,4.65,30.4,100.0
0,220054000c504e5354303420,1691654178,51.922058,4.481831,3.23,7.79,28.56,327,48,7,4,5,0,2,2,0,1,0,0,0,0,0,0,0,0,0,0,0,0,0,0,391,18,634,26.19,43.38,1,21.0,54.6,na,na,286,278,351,282,23
0,220054000c504e5354303420,1691654183,51.922047,4.481835,3.52,7.99,9.17,254,28,13,5,6,4,0,0,0,0,0,0,0,0,0,0,0,0,0,0,0,0,0,0,324,19,634,26.20,43.43,1,21.0,54.9,na,na,284,278,350,280,36
0,220054000c504e5354303420,1691654188,51.922016,4.481841,3.29,12.44,141.26,268,39,9,2,3,6,2,1,3,2,1,1,0,0,0,0,0,0,0,0,1,0,0,0,335,14,634,26.19,43.38,1,21.0,54.6,na,na,285,278,348,276,31
0,220054000c504e5354303420,1691654193,51.922009,4.481865,3.51,22.46,497.81,286,30,8,5,2,5,6,6,5,5,3,2,1,0,3,0,0,0,0,0,0,1,0,0,321,13,634,26.19,43.41,1,21.0,54.7,na,na,286,278,351,278,34
0,220054000c504e5354303420,1691654198,51.922024,4.481936,3.72,21.71,485.48,270,48,13,4,2,8,7,4,6,2,2,1,2,2,3,0,0,0,0,0,0,0,0,0,343,18,634,26.19,43.49,1,21.0,54.9,na,na,287,278,349,279,25
0,220054000c504e5354303420,1691654203,51.922031,4.482006,3.51,14.27,200.64,279,40,7,4,8,1,5,2,3,1,2,1,1,0,0,0,0,0,0,1,0,0,0,0,339,21,634,26.21,43.63,1,21.0,55.1,na,na,286,278,349,278,62
1,220054000c504e5354303420,1691654204,51.922031,4.482025,87,18.9,3.98,3.90,322,0,1,0,21.2,58.6,4.65,29.9,100.0
0,220054000c504e5354303420,1691654208,51.922047,4.482078,3.63,22.50,289.84,358,39,6,3,5,3,15,4,3,1,5,1,0,1,0,0,0,0,1,1,0,0,0,0,370,25,634,26.20,43.88,1,21.0,55.3,na,na,288,278,350,279,31
0,220054000c504e5354303420,1691654213,51.922035,4.482167,3.75,9.18,79.75,377,41,5,2,2,0,5,0,1,0,0,0,0,1,0,0,0,0,1,0,0,0,0,0,329,17,634,26.23,44.04,1,21.0,55.1,na,na,285,278,351,279,23
0,220054000c504e5354303420,1691654218,51.922020,4.482254,3.11,16.46,122.45,231,37,13,1,1,4,6,3,5,0,1,0,0,0,0,0,0,1,0,0,0,0,0,0,323,18,634,26.21,44.03,1,21.0,54.7,na,na,285,278,346,276,26
0,220054000c504e5354303420,1691654223,51.922016,4.482340,3.12,11.52,302.68,264,42,4,3,6,2,2,2,4,0,1,3,2,0,1,0,0,0,0,0,0,0,0,0,343,11,634,26.20,43.73,1,21.0,54.7,na,na,285,278,349,276,27
0,220054000c504e5354303420,1691654228,51.922016,4.482416,3.30,20.41,533.22,250,35,11,2,7,5,11,2,4,1,4,2,4,2,0,0,1,1,0,0,0,0,0,1,354,17,634,26.21,43.75,1,21.0,54.6,na,na,287,278,346,276,40
0,220054000c504e5354303420,1691654233,51.922028,4.482432,3.57,33.83,648.92,246,39,16,4,5,11,13,10,9,7,1,6,1,3,0,0,1,0,1,0,0,0,0,0,371,15,634,26.24,43.70,1,21.0,54.7,na,na,285,278,347,274,46
1,220054000c504e5354303420,1691654236,51.922035,4.482446,87,18.9,3.98,3.89,342,0,0,0,21.1,58.9,4.34,5.5,100.0
0,220054000c504e5354303420,1691654238,51.922039,4.482457,3.04,29.52,864.05,198,26,9,3,8,14,6,12,4,4,5,2,3,4,4,2,1,0,0,1,0,0,0,0,359,10,634,26.23,43.76,1,21.0,55.2,na,na,286,278,345,275,42
0,220054000c504e5354303420,1691654243,51.922043,4.482438,3.06,23.72,771.28,209,32,10,3,7,7,7,6,6,5,2,3,4,1,6,0,0,1,0,0,0,0,0,0,349,13,634,26.21,43.98,1,21.0,55.6,na,na,288,278,348,276,39
0,220054000c504e5354303420,1691654248,51.922050,4.482433,2.42,22.78,513.87,162,26,7,0,9,6,8,9,3,2,2,5,2,1,1,1,0,0,0,0,0,0,0,0,357,11,634,26.23,44.19,1,21.0,55.9,na,na,287,278,348,276,32
0,220054000c504e5354303420,1691654253,51.922039,4.482430,2.40,17.86,254.05,179,27,9,1,5,4,7,5,5,1,0,0,1,1,1,0,1,1,0,0,0,0,0,0,355,17,634,26.23,44.55,1,21.0,56.2,na,na,289,278,351,278,34
0,220054000c504e5354303420,1691654258,51.922020,4.482374,2.70,20.02,332.08,177,29,9,2,7,7,9,4,2,2,4,2,1,1,0,0,0,0,0,0,0,0,0,0,354,9,634,26.24,44.78,1,21.0,56.5,na,na,288,278,349,274,65
0,220054000c504e5354303420,1691654263,51.922043,4.482371,2.61,28.84,1158.51,137,14,13,2,8,11,7,7,9,6,3,4,4,5,2,6,2,1,0,0,1,0,1,0,342,13,634,26.26,44.99,1,21.0,56.5,na,na,286,278,351,279,45
1,220054000c504e5354303420,1691654264,51.922035,4.482359,87,19.1,3.98,3.89,337,0,0,0,21.2,59.8,3.42,0.0,100.0
0,220054000c504e5354303420,1691654268,51.922012,4.482344,3.94,46.72,1325.42,255,36,14,3,7,13,18,12,16,4,6,6,9,2,3,3,0,1,0,0,0,0,0,1,346,14,634,26.23,45.28,1,21.0,56.2,na,na,289,278,349,278,27
0,220054000c504e5354303420,1691654273,51.922104,4.482375,5.25,54.82,1816.40,360,58,11,5,10,22,21,10,17,10,9,15,9,4,4,2,0,0,0,0,0,0,0,0,360,22,634,26.26,45.27,1,21.0,56.1,na,na,287,278,354,277,32
0,220054000c504e5354303420,1691654278,51.922138,4.482439,3.46,27.36,879.50,224,26,11,2,9,9,9,4,8,3,1,5,5,5,1,0,1,0,0,0,0,0,0,0,327,13,634,26.24,45.08,1,21.0,56.3,na,na,288,278,355,278,33
0,220054000c504e5354303420,1691654283,51.922176,4.482446,2.56,5.35,55.92,196,37,5,1,3,2,0,0,1,0,0,0,0,0,1,0,0,0,0,0,0,0,0,0,314,18,634,26.24,45.08,1,21.0,56.3,na,na,287,278,351,275,47
0,220054000c504e5354303420,1691654288,51.922157,4.482402,2.70,14.45,582.75,137,20,6,3,1,2,2,2,3,3,2,1,1,0,2,2,1,0,0,0,0,0,0,0,223,8,634,26.24,45.12,1,21.0,55.9,na,na,286,278,351,274,20
0,220054000c504e5354303420,1691654293,51.922134,4.482326,3.15,21.62,192.56,178,28,6,1,3,4,6,4,3,2,2,0,0,0,0,0,0,0,0,0,0,0,0,0,247,19,634,26.24,45.23,1,21.0,55.5,na,na,287,278,356,278,24
1,220054000c504e5354303420,1691654294,51.922131,4.482311,87,19.1,3.98,3.90,338,0,1,0,21.2,60.3,4.66,17.9,100.0
0,220054000c504e5354303420,1691654298,51.922112,4.482296,3.69,12.33,141.17,204,33,10,1,5,1,2,2,1,1,1,1,0,0,0,0,0,0,0,0,0,0,0,0,244,14,634,26.26,44.83,1,21.0,55.7,na,na,285,278,355,276,27
0,220054000c504e5354303420,1691654303,51.922100,4.482288,3.68,9.28,85.15,259,39,5,1,1,2,2,1,0,1,0,1,0,0,0,0,0,0,0,0,0,0,0,0,253,19,633,26.24,44.51,1,21.0,55.9,na,na,287,278,353,277,31
0,220054000c504e5354303420,1691654308,51.922092,4.482228,3.88,23.03,162.86,204,20,8,2,6,7,5,3,2,1,2,0,0,0,0,0,0,0,0,0,0,0,0,0,237,14,634,26.26,44.60,1,21.0,55.8,na,na,285,278,352,277,22
0,220054000c504e5354303420,1691654313,51.922058,4.482176,4.40,21.82,379.04,238,32,10,3,4,4,7,2,2,1,2,2,2,0,0,0,0,0,0,0,0,0,0,0,238,14,634,26.28,44.77,1,21.0,55.9,na,na,286,278,352,278,30
0,220054000c504e5354303420,1691654318,51.922031,4.482120,3.30,19.77,389.91,168,24,11,1,7,1,3,5,5,1,0,2,1,2,0,0,0,0,0,0,0,0,0,0,249,10,634,26.26,44.69,1,21.0,55.7,na,na,286,278,349,275,32
0,220054000c504e5354303420,1691654323,51.922005,4.482088,3.76,6.90,286.86,262,30,12,4,1,2,0,0,0,2,0,2,0,2,1,0,0,0,0,0,0,0,0,0,273,14,634,26.26,44.69,1,21.0,55.7,na,na,284,278,349,277,33
1,220054000c504e5354303420,1691654324,51.922001,4.482099,87,19.1,3.98,3.90,339,0,1,0,21.2,60.1,4.65,31.5,100.0
0,220054000c504e5354303420,1691654328,51.922028,4.482146,3.68,13.27,136.67,278,42,10,2,4,5,2,2,1,4,0,1,0,0,0,0,0,0,0,0,0,0,0,0,316,15,634,26.27,44.42,1,21.0,55.8,na,na,285,278,349,274,30
0,220054000c504e5354303420,1691654333,51.922058,4.482192,3.01,7.16,53.49,301,40,4,2,0,2,2,1,0,1,1,0,0,0,0,0,0,0,0,0,0,0,0,0,338,25,634,26.27,44.30,1,21.0,55.9,na,na,285,278,349,276,45
0,220054000c504e5354303420,1691654338,51.922100,4.482189,3.25,7.76,113.37,283,39,10,4,4,3,2,0,0,0,1,0,1,1,0,0,0,0,0,0,0,0,0,0,360,22,634,26.28,44.39,1,21.0,55.9,na,na,281,278,348,275,36
0,220054000c504e5354303420,1691654343,51.922123,4.482210,3.07,5.42,35.78,315,38,12,1,2,2,0,0,1,0,1,0,0,0,0,0,0,0,0,0,0,0,0,0,375,19,634,26.30,44.35,1,21.0,55.9,na,na,283,278,352,277,32
0,220054000c504e5354303420,1691654348,51.922112,4.482222,2.90,7.13,22.38,295,39,8,5,3,1,0,3,1,0,0,0,0,0,0,0,0,0,0,0,0,0,0,0,394,22,634,26.26,44.30,1,21.0,55.5,na,na,286,278,351,278,30
0,220054000c504e5354303420,1691654353,51.922085,4.482256,2.61,5.60,35.88,255,37,10,2,2,2,1,0,1,0,1,0,0,0,0,0,0,0,0,0,0,0,0,0,387,19,634,26.26,44.28,1,21.0,55.2,na,na,284,278,350,276,23
1,220054000c504e5354303420,1691654356,51.922062,4.482296,87,19.1,3.98,3.89,343,0,0,0,21.2,60.0,5.08,4.9,100.0
0,220054000c504e5354303420,1691654358,51.922043,4.482300,2.51,7.60,25.34,253,29,7,2,1,2,1,3,1,0,0,0,0,0,0,0,0,0,0,0,0,0,0,0,360,17,634,26.31,44.08,1,21.0,54.8,na,na,283,278,350,276,29
0,220054000c504e5354303420,1691654363,51.922009,4.482225,2.51,7.07,13.09,257,37,5,0,3,2,3,1,0,0,0,0,0,0,0,0,0,0,0,0,0,0,0,0,374,20,634,26.28,43.67,1,21.0,54.8,na,na,283,278,349,276,24
0,220054000c504e5354303420,1691654368,51.921967,4.482254,2.55,3.76,21.78,276,33,10,1,0,2,0,0,0,0,0,0,0,0,0,0,0,1,0,0,0,0,0,0,383,18,634,26.30,43.34,1,21.0,55.3,na,na,282,278,349,274,35
0,220054000c504e5354303420,1691654373,51.921909,4.482287,2.87,6.13,54.13,274,27,10,3,4,2,1,0,0,0,2,0,0,0,0,0,0,0,0,0,0,0,0,0,366,13,634,26.28,43.29,1,20.9,55.0,na,na,284,278,353,279,74
0,220054000c504e5354303420,1691654378,51.921864,4.482332,2.59,6.02,10.35,281,29,5,0,4,2,1,1,0,0,0,0,0,0,0,0,0,0,0,0,0,0,0,0,369,19,634,26.27,43.34,1,20.9,54.9,na,na,283,278,354,280,32
0,220054000c504e5354303420,1691654383,51.921814,4.482368,2.31,4.08,5.50,203,20,5,1,0,1,1,0,0,0,0,0,0,0,0,0,0,0,0,0,0,0,0,0,289,12,634,26.27,43.43,1,20.9,54.9,na,na,285,278,355,278,25
1,220054000c504e5354303420,1691654385,51.921791,4.482378,87,19.4,3.98,3.89,341,0,1,0,21.2,59.2,4.66,10.5,100.0
0,220054000c504e5354303420,1691654388,51.921768,4.482394,2.82,5.85,6.96,163,21,6,0,1,3,0,0,0,0,0,0,0,0,0,0,0,0,0,0,0,0,0,0,217,12,634,26.30,43.37,1,20.8,54.9,na,na,283,278,357,284,26
0,220054000c504e5354303420,1691654393,51.921719,4.482446,3.11,5.86,8.08,167,18,5,1,0,1,1,0,0,0,0,0,0,0,0,0,0,0,0,0,0,0,0,0,185,10,634,26.28,43.13,1,20.8,55.1,na,na,283,278,360,287,30
0,220054000c504e5354303420,1691654398,51.921692,4.482490,4.26,6.87,7.66,241,26,6,4,0,2,0,0,0,0,0,0,0,0,0,0,0,0,0,0,0,0,0,0,202,13,634,26.27,43.09,1,20.7,55.2,na,na,283,278,359,285,25
0,220054000c504e5354303420,1691654403,51.921665,4.482597,3.68,7.82,11.32,234,17,3,1,3,0,2,0,0,0,0,0,0,0,0,0,0,0,0,0,0,0,0,0,201,16,634,26.28,43.14,1,20.7,55.3,na,na,284,278,360,290,23
0,220054000c504e5354303420,1691654408,51.921616,4.482645,4.01,7.76,10.87,312,34,2,1,2,1,2,0,0,0,0,0,0,0,0,0,0,0,0,0,0,0,0,0,247,17,634,26.24,43.23,1,20.7,55.4,na,na,284,278,357,289,22
0,220054000c504e5354303420,1691654413,51.921581,4.482677,3.70,6.29,6.97,294,39,9,0,4,2,0,0,0,0,0,0,0,0,0,0,0,0,0,0,0,0,0,0,294,22,634,26.23,43.25,1,20.7,55.4,na,na,284,278,357,289,28
1,220054000c504e5354303420,1691654414,51.921585,4.482684,87,19.4,3.98,3.89,331,0,0,0,21.1,59.0,4.17,0.5,100.0
0,220054000c504e5354303420,1691654418,51.921608,4.482677,3.33,7.15,25.66,277,40,6,3,2,3,1,0,0,1,0,0,0,0,0,0,0,0,0,0,0,0,0,0,316,13,634,26.26,43.37,1,20.7,55.5,na,na,285,278,359,288,25
0,220054000c504e5354303420,1691654423,51.921616,4.482647,3.31,8.07,10.97,293,37,12,1,4,4,2,0,0,0,0,0,0,0,0,0,0,0,0,0,0,0,0,0,352,26,634,26.26,43.37,1,20.7,55.5,na,na,285,278,358,286,28
0,220054000c504e5354303420,1691654428,51.921631,4.482595,2.90,13.08,565.93,293,31,7,1,4,1,5,3,3,3,1,3,5,1,0,1,2,0,2,1,0,0,1,0,360,21,634,26.23,43.46,1,20.8,55.7,na,na,284,278,356,284,44
0,220054000c504e5354303420,1691654433,51.921658,4.482590,3.24,9.41,193.07,278,44,10,3,3,3,3,1,1,0,0,0,1,2,0,1,0,1,0,0,0,0,0,0,357,22,634,26.26,43.51,1,20.8,56.0,na,na,286,278,353,283,38
0,220054000c504e5354303420,1691654438,51.921696,4.482567,2.71,4.41,46.83,283,32,8,1,4,0,0,0,1,0,0,0,0,0,1,0,0,0,0,0,0,0,0,0,371,21,634,26.27,43.64,1,20.8,56.0,na,na,285,278,354,285,25
0,220054000c504e5354303420,1691654443,51.921741,4.482626,3.07,8.83,122.27,308,47,9,1,6,3,3,1,0,1,1,0,1,0,1,0,0,0,0,1,0,0,0,0,405,19,634,26.27,43.80,1,20.8,56.0,na,na,284,278,353,284,25
1,220054000c504e5354303420,1691654444,51.921753,4.482630,86,19.6,3.98,3.88,338,0,0,0,21.2,59.3,3.68,1.0,100.0
0,220054000c504e5354303420,1691654448,51.921783,4.482626,2.75,6.84,19.48,323,45,9,1,5,0,2,2,1,0,0,0,0,0,0,0,0,0,0,0,0,0,0,0,439,24,634,26.26,43.83,1,20.8,56.0,na,na,285,278,347,277,27
0,220054000c504e5354303420,1691654453,51.921806,4.482623,2.69,5.10,6.74,354,38,3,3,5,0,2,0,0,0,0,0,0,0,0,0,0,0,0,0,0,0,0,0,445,19,634,26.26,43.87,1,20.8,55.9,na,na,284,278,346,278,28
0,220054000c504e5354303420,1691654458,51.921822,4.482619,2.51,5.14,13.78,323,44,8,2,1,3,0,1,1,0,0,0,0,0,0,0,0,0,0,0,0,0,0,0,463,25,634,26.27,43.85,1,20.8,55.9,na,na,284,278,350,274,27
0,220054000c504e5354303420,1691654463,51.921822,4.482617,2.36,5.12,6.55,309,38,7,1,3,4,1,0,0,0,0,0,0,0,0,0,0,0,0,0,0,0,0,0,473,22,634,26.27,43.82,1,20.8,55.8,na,na,286,278,347,273,27
0,220054000c504e5354303420,1691654468,51.921825,4.482615,2.59,3.65,3.88,305,55,7,2,2,1,0,0,0,0,0,0,0,0,0,0,0,0,0,0,0,0,0,0,450,19,634,26.28,43.78,1,20.8,55.8,na,na,285,278,341,269,30
0,220054000c504e5354303420,1691654473,51.921829,4.482613,2.52,4.98,6.33,288,38,7,4,1,3,1,0,0,0,0,0,0,0,0,0,0,0,0,0,0,0,0,0,429,24,634,26.27,43.73,1,20.8,55.8,na,na,287,278,344,275,37
1,220054000c504e5354303420,1691654475,51.921829,4.482613,86,19.6,3.98,3.88,339,0,0,0,21.2,59.4,3.67,1.0,100.0
0,220054000c504e5354303420,1691654478,51.921833,4.482613,2.32,4.85,12.17,296,35,6,0,3,2,1,0,1,0,0,0,0,0,0,0,0,0,0,0,0,0,0,0,439,19,634,26.27,43.72,1,20.8,55.7,na,na,286,278,347,273,25
0,220054000c504e5354303420,1691654483,51.921837,4.482616,2.63,4.83,6.45,349,49,5,4,2,1,2,0,0,0,0,0,0,0,0,0,0,0,0,0,0,0,0,0,476,21,634,26.27,43.71,1,20.8,55.7,na,na,286,278,348,275,26
0,220054000c504e5354303420,1691654488,51.921841,4.482619,2.55,6.23,9.34,290,40,14,2,4,1,4,0,0,0,0,0,0,0,0,0,0,0,0,0,0,0,0,0,468,18,634,26.28,43.71,1,20.9,55.7,na,na,285,278,347,271,28
0,220054000c504e5354303420,1691654493,51.921844,4.482624,2.33,6.12,24.78,278,36,10,2,0,2,2,2,0,1,0,0,0,0,0,0,0,0,0,0,0,0,0,0,440,17,634,26.30,43.69,1,20.9,55.7,na,na,285,278,346,272,32
0,220054000c504e5354303420,1691654498,51.921844,4.482626,2.67,5.52,8.73,280,55,11,0,2,4,0,1,0,0,0,0,0,0,0,0,0,0,0,0,0,0,0,0,434,21,634,26.30,43.69,1,20.9,55.7,na,na,287,278,346,274,31
0,220054000c504e5354303420,1691654503,51.921841,4.482628,2.82,6.69,8.76,303,37,10,3,8,2,2,0,0,0,0,0,0,0,0,0,0,0,0,0,0,0,0,0,442,17,634,26.28,43.67,1,20.9,55.6,na,na,284,278,349,275,25
1,220054000c504e5354303420,1691654505,51.921841,4.482628,86,19.6,3.98,3.88,340,0,0,0,21.2,59.5,3.67,1.5,100.0
0,220054000c504e5354303420,1691654508,51.921837,4.482627,2.63,6.79,18.51,313,46,7,5,2,3,1,2,1,0,0,0,0,0,0,0,0,0,0,0,0,0,0,0,462,24,633,26.31,43.68,1,20.9,55.6,na,na,286,278,348,275,38
0,220054000c504e5354303420,1691654513,51.921829,4.482625,2.37,6.19,8.61,287,35,8,0,3,5,2,0,0,0,0,0,0,0,0,0,0,0,0,0,0,0,0,0,448,21,634,26.30,43.66,1,20.9,55.6,na,na,283,278,348,274,30
0,220054000c504e5354303420,1691654518,51.921814,4.482630,2.69,5.29,20.38,273,40,15,1,5,1,0,1,0,1,0,0,0,0,0,0,0,0,0,0,0,0,0,0,428,14,634,26.32,43.69,1,20.9,55.6,na,na,287,278,348,273,24
0,220054000c504e5354303420,1691654523,51.921799,4.482637,2.39,6.06,21.16,278,29,11,0,3,2,3,0,0,1,0,0,0,0,0,0,0,0,0,0,0,0,0,0,427,25,634,26.31,43.64,1,20.9,55.6,na,na,286,278,347,271,26
0,220054000c504e5354303420,1691654528,51.921783,4.482646,2.74,5.37,6.63,307,33,11,3,4,2,1,0,0,0,0,0,0,0,0,0,0,0,0,0,0,0,0,0,427,16,633,26.32,43.65,1,20.9,55.5,na,na,286,278,349,274,27
0,220054000c504e5354303420,1691654533,51.921780,4.482655,2.90,8.10,15.58,314,51,7,4,1,5,2,2,0,0,0,0,0,0,0,0,0,0,0,0,0,0,0,0,427,16,634,26.32,43.64,1,20.9,55.5,na,na,285,278,351,275,28
1,220054000c504e5354303420,1691654535,51.921776,4.482656,86,19.6,3.98,3.88,345,0,0,0,21.2,59.4,3.66,0.0,100.0
0,220054000c504e5354303420,1691654538,51.921776,4.482656,2.94,6.15,7.68,353,42,11,2,4,4,1,0,0,0,0,0,0,0,0,0,0,0,0,0,0,0,0,0,451,17,634,26.32,43.65,1,20.9,55.5,na,na,283,278,348,275,25
0,220054000c504e5354303420,1691654543,51.921772,4.482655,2.72,6.62,23.65,322,47,16,4,2,0,2,2,2,0,0,0,0,0,0,0,0,0,0,0,0,0,0,0,482,24,634,26.34,43.59,1,20.9,55.5,na,na,285,278,348,272,30
0,220054000c504e5354303420,1691654548,51.921772,4.482653,2.40,4.33,5.40,324,46,8,0,3,2,1,0,0,0,0,0,0,0,0,0,0,0,0,0,0,0,0,0,486,25,634,26.35,43.57,1,21.0,55.5,na,na,286,278,350,277,21
0,220054000c504e5354303420,1691654553,51.921772,4.482656,2.56,4.57,5.66,335,38,10,3,2,2,1,0,0,0,0,0,0,0,0,0,0,0,0,0,0,0,0,0,474,17,634,26.34,43.59,1,21.0,55.4,na,na,288,278,349,273,32
0,220054000c504e5354303420,1691654558,51.921761,4.482661,2.49,6.91,15.66,308,35,8,3,4,1,2,3,0,0,0,0,0,0,0,0,0,0,0,0,0,0,0,0,456,16,634,26.35,43.57,1,21.0,55.4,na,na,284,278,350,273,28
0,220054000c504e5354303420,1691654563,51.921757,4.482664,2.68,5.81,7.79,297,44,12,0,5,2,2,0,0,0,0,0,0,0,0,0,0,0,0,0,0,0,0,0,443,16,634,26.35,43.56,1,21.0,55.4,na,na,286,278,351,276,25
1,220054000c504e5354303420,1691654564,51.921757,4.482665,86,19.6,3.98,3.88,347,0,0,0,21.3,59.4,3.66,1.0,100.0
0,220054000c504e5354303420,1691654568,51.921757,4.482666,2.76,6.46,10.79,315,54,7,1,5,2,2,1,0,0,0,0,0,0,0,0,0,0,0,0,0,0,0,0,449,18,634,26.34,43.59,1,21.0,55.6,na,na,286,278,347,271,33
0,220054000c504e5354303420,1691654573,51.921753,4.482665,2.45,5.07,10.46,307,38,11,2,3,0,1,2,0,0,0,0,0,0,0,0,0,0,0,0,0,0,0,0,464,23,634,26.34,43.56,1,21.0,55.3,na,na,284,278,351,277,32
0,220054000c504e5354303420,1691654578,51.921745,4.482662,2.59,7.55,15.94,284,44,7,4,4,6,2,0,1,0,0,0,0,0,0,0,0,0,0,0,0,0,0,0,461,24,634,26.38,43.52,1,21.0,55.4,na,na,284,278,349,273,176
0,220054000c504e5354303420,1691654583,51.921741,4.482660,2.53,4.65,5.80,273,32,15,4,1,2,1,0,0,0,0,0,0,0,0,0,0,0,0,0,0,0,0,0,438,22,634,26.38,43.55,1,21.0,55.3,na,na,284,278,348,275,52
0,220054000c504e5354303420,1691654588,51.921741,4.482662,2.49,5.18,8.69,309,31,7,2,4,1,1,1,0,0,0,0,0,0,0,0,0,0,0,0,0,0,0,0,434,21,634,26.40,43.53,1,21.0,55.3,na,na,286,278,348,273,32
0,220054000c504e5354303420,1691654593,51.921745,4.482668,2.73,7.14,32.32,298,43,12,3,2,1,2,2,1,1,0,0,0,0,0,0,0,0,0,0,0,0,0,0,431,21,634,26.38,43.53,1,21.0,55.3,na,na,285,278,347,272,21
1,220054000c504e5354303420,1691654595,51.921745,4.482671,86,19.6,3.97,3.88,350,0,0,0,21.3,59.3,3.66,1.0,100.0
0,220054000c504e5354303420,1691654598,51.921749,4.482671,2.77,7.31,12.49,342,38,9,2,4,3,3,1,0,0,0,0,0,0,0,0,0,0,0,0,0,0,0,0,452,16,634,26.40,43.48,1,21.0,55.3,na,na,285,278,348,275,25
0,220054000c504e5354303420,1691654603,51.921753,4.482674,2.42,5.45,13.24,277,46,9,2,2,2,2,0,1,0,0,0,0,0,0,0,0,0,0,0,0,0,0,0,454,14,634,26.41,43.50,1,21.1,55.2,na,na,287,278,348,273,25
0,220054000c504e5354303420,1691654608,51.921757,4.482676,2.52,5.07,18.96,281,42,8,2,4,0,2,0,0,1,0,0,0,0,0,0,0,0,0,0,0,0,0,0,430,18,634,26.41,43.54,1,21.1,55.2,na,na,285,278,353,276,24
0,220054000c504e5354303420,1691654613,51.921761,4.482681,2.41,4.38,5.45,291,40,4,1,4,1,1,0,0,0,0,0,0,0,0,0,0,0,0,0,0,0,0,0,429,22,634,26.42,43.49,1,21.1,55.2,na,na,285,278,351,276,22
0,220054000c504e5354303420,1691654618,51.921761,4.482686,2.97,7.07,20.91,323,47,14,3,4,4,2,0,0,1,0,0,0,0,0,0,0,0,0,0,0,0,0,0,454,16,634,26.44,43.46,1,21.1,55.2,na,na,287,278,348,273,21
0,220054000c504e5354303420,1691654623,51.921753,4.482686,2.70,6.28,8.13,344,38,5,2,2,6,1,0,0,0,0,0,0,0,0,0,0,0,0,0,0,0,0,0,443,20,634,26.44,43.47,1,21.1,55.2,na,na,285,278,351,276,24
1,220054000c504e5354303420,1691654625,51.921749,4.482686,86,19.6,3.97,3.88,353,0,0,0,21.3,59.3,3.65,0.5,100.0
0,220054000c504e5354303420,1691654628,51.921738,4.482687,2.65,5.95,24.58,323,52,5,0,3,5,0,0,1,1,0,0,0,0,0,0,0,0,0,0,0,0,0,0,449,22,634,26.45,43.45,1,21.1,55.1,na,na,286,278,351,273,24
0,220054000c504e5354303420,1691654633,51.921722,4.482684,2.59,5.05,6.92,342,42,8,0,2,2,2,0,0,0,0,0,0,0,0,0,0,0,0,0,0,0,0,0,452,20,633,26.44,43.46,1,21.1,55.1,na,na,286,278,350,273,22
0,220054000c504e5354303420,1691654638,51.921715,4.482677,2.47,4.92,39.29,304,37,6,2,4,1,1,0,1,0,0,1,0,0,0,0,0,0,0,0,0,0,0,0,442,19,634,26.45,43.43,1,21.1,55.1,na,na,286,278,349,276,25
0,220054000c504e5354303420,1691654643,51.921707,4.482664,2.95,5.06,37.44,350,43,18,2,3,0,2,0,0,0,0,0,1,0,0,0,0,0,0,0,0,0,0,0,461,27,633,26.48,43.41,1,21.1,55.1,na,na,285,278,352,274,28
0,220054000c504e5354303420,1691654648,51.921700,4.482654,2.74,5.62,7.00,325,51,13,3,3,4,1,0,0,0,0,0,0,0,0,0,0,0,0,0,0,0,0,0,490,16,634,26.47,43.48,1,21.1,55.0,na,na,286,278,351,277,26
0,220054000c504e5354303420,1691654653,51.921696,4.482642,2.74,5.77,8.97,322,43,19,3,5,2,1,1,0,0,0,0,0,0,0,0,0,0,0,0,0,0,0,0,505,21,633,26.47,43.44,1,21.2,55.0,na,na,286,278,354,279,26
1,220054000c504e5354303420,1691654653,51.921696,4.482642,86,19.6,3.97,3.88,353,0,0,0,21.4,59.3,3.64,1.0,100.0
0,220054000c504e5354303420,1691654658,51.921688,4.482635,2.36,5.12,13.90,317,39,9,3,1,2,1,1,1,0,0,0,0,0,0,0,0,0,0,0,0,0,0,0,485,24,634,26.48,43.44,1,21.2,55.0,na,na,286,278,351,274,44
0,220054000c504e5354303420,1691654663,51.921680,4.482628,2.62,5.41,8.92,340,56,5,1,2,3,1,1,0,0,0,0,0,0,0,0,0,0,0,0,0,0,0,0,471,21,633,26.50,43.37,1,21.2,55.0,na,na,286,278,350,275,22
0,220054000c504e5354303420,1691654668,51.921680,4.482626,2.29,3.27,3.49,320,36,7,2,2,1,0,0,0,0,0,0,0,0,0,0,0,0,0,0,0,0,0,0,478,18,633,26.50,43.38,1,21.2,54.9,na,na,285,278,352,279,52
0,220054000c504e5354303420,1691654673,51.921677,4.482625,2.61,6.79,25.46,351,41,9,4,2,1,1,3,2,0,0,0,0,0,0,0,0,0,0,0,0,0,0,0,483,23,633,26.51,43.38,1,21.2,54.9,na,na,286,278,350,274,32
0,220054000c504e5354303420,1691654678,51.921669,4.482627,2.33,5.38,8.90,306,33,8,2,3,3,1,1,0,0,0,0,0,0,0,0,0,0,0,0,0,0,0,0,473,23,633,26.51,43.40,1,21.2,54.9,na,na,285,278,352,276,31
0,220054000c504e5354303420,1691654683,51.921669,4.482626,2.64,5.39,7.15,371,43,6,3,4,2,2,0,0,0,0,0,0,0,0,0,0,0,0,0,0,0,0,0,495,17,633,26.52,43.35,1,21.2,54.9,na,na,287,278,352,275,28
1,220054000c504e5354303420,1691654683,51.921669,4.482626,86,19.6,3.97,3.88,348,0,0,0,21.4,59.2,3.62,1.0,100.0
0,220054000c504e5354303420,1691654688,51.921673,4.482622,2.22,3.84,5.31,335,43,6,2,0,1,2,0,0,0,0,0,0,0,0,0,0,0,0,0,0,0,0,0,508,24,633,26.54,43.36,1,21.2,54.8,na,na,285,278,351,277,27
0,220054000c504e5354303420,1691654693,51.921677,4.482622,2.42,3.03,3.08,310,37,16,0,2,0,0,0,0,0,0,0,0,0,0,0,0,0,0,0,0,0,0,0,474,27,633,26.54,43.29,1,21.2,54.8,na,na,285,278,353,275,29
0,220054000c504e5354303420,1691654698,51.921684,4.482624,2.69,6.61,14.73,310,49,14,1,5,2,3,0,1,0,0,0,0,0,0,0,0,0,0,0,0,0,0,0,481,16,633,26.55,43.30,1,21.2,54.8,na,na,286,278,352,275,30
0,220054000c504e5354303420,1691654703,51.921692,4.482625,2.63,7.05,18.61,326,43,8,2,5,3,1,2,1,0,0,0,0,0,0,0,0,0,0,0,0,0,0,0,471,20,633,26.52,43.31,1,21.3,54.8,na,na,284,278,351,276,35
0,220054000c504e5354303420,1691654708,51.921700,4.482625,2.60,6.39,24.08,343,35,12,2,1,2,2,2,0,1,0,0,0,0,0,0,0,0,0,0,0,0,0,0,465,14,633,26.55,43.27,1,21.3,54.7,na,na,286,278,351,277,27
0,220054000c504e5354303420,1691654713,51.921703,4.482625,2.36,4.56,6.27,302,36,7,2,2,1,2,0,0,0,0,0,0,0,0,0,0,0,0,0,0,0,0,0,450,17,633,26.54,43.27,1,21.3,54.7,na,na,288,278,354,277,38
1,220054000c504e5354303420,1691654713,51.921703,4.482625,86,19.6,3.97,3.88,343,0,0,0,21.4,59.1,3.62,1.5,100.0
0,220054000c504e5354303420,1691654718,51.921715,4.482626,2.45,4.37,5.47,305,44,10,1,2,2,1,0,0,0,0,0,0,0,0,0,0,0,0,0,0,0,0,0,466,15,633,26.55,43.24,1,21.3,54.7,na,na,288,278,354,275,25
0,220054000c504e5354303420,1691654723,51.921726,4.482627,2.71,6.38,23.89,287,38,13,1,6,3,1,0,1,0,0,0,0,0,0,0,0,0,0,1,1,0,0,0,439,18,633,26.58,43.25,1,21.3,54.7,na,na,286,278,351,273,26
0,220054000c504e5354303420,1691654728,51.921738,4.482629,2.39,4.74,9.77,304,39,8,0,3,1,0,2,0,0,0,0,0,0,0,0,0,0,0,0,0,0,0,0,446,16,633,26.59,43.27,1,21.3,54.7,na,na,286,278,352,276,28
0,220054000c504e5354303420,1691654733,51.921741,4.482626,2.97,9.74,68.83,310,48,13,1,7,4,4,2,0,0,1,0,1,0,0,0,0,0,0,0,0,0,0,0,450,13,633,26.58,43.32,1,21.3,54.7,na,na,287,278,353,277,53
0,220054000c504e5354303420,1691654738,51.921730,4.482637,2.59,6.73,40.50,307,42,6,3,2,3,3,0,1,0,0,0,0,0,0,1,0,0,0,0,0,0,0,0,440,24,633,26.58,43.28,1,21.4,54.7,na,na,285,278,352,279,34
0,220054000c504e5354303420,1691654743,51.921711,4.482623,3.37,6.01,7.14,315,55,17,4,5,1,1,0,0,0,0,0,0,0,0,0,0,0,0,0,0,0,0,0,420,21,633,26.59,43.38,1,21.4,54.4,na,na,284,278,351,278,28
1,220054000c504e5354303420,1691654743,51.921711,4.482623,86,19.6,3.97,3.88,344,0,1,0,21.5,59.0,4.66,24.4,100.0
